ID,Name,Department,Address,Age,Contact,Email,Salary
T11,Arun Kumar,IT,Chennai,25,9876543210,arun@gmail.com,50000
T12,Priya Devi,HR,Madurai,28,9876543211,priya@gmail.com,45000
T13,Karthik Raj,Finance,Coimbatore,32,9876543212,karthik@gmail.com,65000
T14,Anitha S,IT,Trichy,27,9876543213,anitha@gmail.com,55000
T15,Vijay Kumar,Sales,Salem,35,9876543214,vijay@gmail.com,70000
T16,Meena R,HR,Tirunelveli,29,9876543215,meena@gmail.com,48000
T17,Suresh B,Finance,Erode,40,9876543216,suresh@gmail.com,80000
T18,Divya K,IT,Vellore,26,9876543217,divya@gmail.com,52000
T19,Ramesh P,Sales,Thanjavur,38,9876543218,ramesh@gmail.com,75000
T20,Kavya M,IT,Chennai,31,9876543219,kavya@gmail.com,60000